Phone Number,Name,Email,Developer,Project,Date
+33765673201,Lauretta Alexander 1,lauretta.alexander.1@emerson.com,tiger,Jade Tower,2024-06-12 19:56:19.173494
+33714619959,Susan Pennie 1,susan.pennie.1@telstra.com.au,tiger,Faradais Tower,2024-06-13 14:07:36.544935
+33600029213,Becka Cleon 1,becka.cleon.1@antarchile.cl,tiger,Faradais Tower,2024-06-13 03:33:35.803229
+34634499156,Alia Renato 1,alia.renato.1@cathaylife.com.tw,tiger,Red Square,2024-06-12 23:45:39.717028
+34678935198,Leah Hurley 1,leah.hurley.1@samsunglife.com,tiger,Jade Tower,2024-06-12 23:09:40.703292
+34758749896,Almeta Ewell 1,almeta.ewell.1@geely.com,tiger,Red Square,2024-06-12 16:07:08.441864
+12406348828,Cecile Lezley 1,cecile.lezley.1@nationalgrid.com,tiger,Volga Tower,2024-06-13 13:39:24.359182
+33674224247,Estrella Mikol 1,estrella.mikol.1@telstra.com.au,tiger,Faradais Tower,2024-06-12 19:43:23.899803
,Esta Dalston 1,esta.dalston.1@ansteel.cn,tiger,Sky Tower,2024-06-13 11:15:39.224338
,Kaycee Wallas 1,kaycee.wallas.1@medipal.co.jp,tiger,Jade Tower,2024-06-13 12:25:44.078136
+34726216312,Charis Elisha 1,charis.elisha.1@medipal.co.jp,tiger,Sky Tower,2024-06-12 15:37:05.070961
+34754073367,Deeyn Jareb 1,deeyn.jareb.1@daiwahouse.co.jp,tiger,Jade Tower,2024-06-12 18:26:01.505834
+34679716195,Bridgette Roderigo 1,bridgette.roderigo.1@vattenfall.com,tiger,Jade Tower,2024-06-13 04:33:31.809032
+34622524098 - Anna Bartra